upstream	package	status
7guis-1-counter-vue	sevenguis/countervue	ported
7guis-2-temperature-vue	sevenguis/temperaturevue	ported
7guis-counter-react	sevenguis/counterreact	ported
7guis-flight-booker-react	sevenguis/flightbooker	ported
7guis-temperature-react	sevenguis/temperaturereact	ported
counter	counter	ported
express-workflow	server/workflow	ported
fetch	fetch	ported
friends-list-react	friends	ported
local-store-counter-react	store/localcounter	ported
mongodb-credit-check-api	server/creditcheck	ported
mongodb-persisted-state	server/persistedstate	ported
persisted-donut-maker	donut	ported
snake-react	snake	ported
stopwatch	stopwatch	ported
store-counter-react	store/counter	ported
store-tic-tac-toe	store/tictactoe	ported
tic-tac-toe-react	tictactoe	ported
tiles	tiles	ported
timer	timer	ported
todomvc-react	todomvc	ported
toggle	toggle	ported
trivia-game-example	trivia	ported
workflow-accumulate-room-readings	workflow/accumulateroomreadings	ported
workflow-applicant-request	workflow/applicantrequest	ported
workflow-async-function	workflow/asyncfunction	ported
workflow-async-subflow	workflow/asyncsubflow	ported
workflow-book-lending	workflow/booklending	ported
workflow-car-auction-bids	workflow/carauctionbids	ported
workflow-car-vitals	workflow/carvitals	ported
workflow-check-inbox	workflow/checkinbox	ported
workflow-credit-check	workflow/creditcheck	ported
workflow-event-based	workflow/eventbased	ported
workflow-event-based-service	workflow/eventbasedservice	ported
workflow-event-greeting	workflow/eventgreeting	ported
workflow-filling-water	workflow/fillingwater	ported
workflow-finalize-college-app	workflow/finalizecollegeapp	ported
workflow-greeting	workflow/greeting	ported
workflow-hello	workflow/hello	ported
workflow-math-problem	workflow/mathproblem	ported
workflow-media-scanner	workflow/mediascanner	ported
workflow-monitor-job	workflow/monitorjob	ported
workflow-monitor-patient	workflow/monitorpatient	ported
workflow-new-patient-onboarding	workflow/newpatientonboarding	ported
workflow-parallel	workflow/parallel	ported
workflow-provision-orders	workflow/provisionorders	ported
workflow-purchase-order-deadline	workflow/purchaseorderdeadline	ported
workflow-reusing-functions	workflow/reusingfunctions	ported
workflow-send-cloudevent	workflow/sendcloudevent	ported
